{"cameraMode":{"drawMode":0,"name":"Shaded","section":"Shading Mode"},"sceneLighting":true,"audioPlay":false,"sceneViewState":{"showFog":true,"showMaterialUpdate":false,"showSkybox":true,"showFlares":true,"showImageEffects":true,"showParticleSystems":true},"in2DMode":false,"pivot":{"x":2.177105665206909,"y":-2.460230827331543,"z":-4.41475248336792},"rotation":{"x":-0.360040545463562,"y":-0.13312380015850068,"z":0.05198964476585388,"w":-0.9219471216201782},"size":24.205469131469728,"orthographic":false}